DENIM CATALANA DRESS NIGHT BLUE TALLA XS,53102002,209
Denim Catalana choker night blue,54101602,49
DENIM CATALANA DRESS NIGHT BLUE TALLA S,53102002,209
Positano Dress Fuchsia Talla XS,53102002,259
Lady Babe Blouse Perla TALLA S,53101604,139
NIPPLES STANDARD PIEL,20121445,35
Denim Catalana choker night blue,54101602,49
BRA INVISIBLE,,35
VESTIDO HEART ROJO TALLA S,53102002,179
Positano dress Negro Talla S,53102002,259
Denim Catalana choker night blue,54101602,49
BRA INVISIBLE,,35
Lady Babe Blouse Perla TALLA M,53101604,139
VESTIDO HEART NEGRO TALLA S,53102002,179
DENIM CATALANA CHOKER LIGHT BLUE,54101602,49
Lady Babe Blouse Beige TALLA S,53101604,139
BOSSY BLOUSE NEGRO TALLA S,53101604,149
Royalty Blazer Negro TALLA S,53101604,349
FREE BABE TOP PEARL WHITE TALLA L,53101604,149
UNSTOPPABLE BABE BLOUSE PERLA TALLA L,53101604,139
PANTALON THE HOLLAND TROUSER BEIGE TALLA S,53101504,259
Donna bodysuit negro TALLA M,53101604,149
Lady Babe Blouse Arena TALLA S,,139
ROYALTY SHORTS PEARL WHITE,,139.3
ROYALTY SHORTS PEARL WHITE TALLA M,53101504,199
SOUL DRESS FUCHSIA TALLA M,53102002,189
UNLIMITED SKIRT FUCHSIA TALLA XS,53102002,189
Denim Catalana choker night blue,54101602,49
DENIM CATALANA DRESS NIGHT BLUE TALLA XS,53102002,209
ROYALTY SHORTS BEIGE TALLAS XS,53101504,199
DELIVERY EXPRESS,78102201,30
Nordico Skort Beige TALLA M,53101503,179
JOLIE DRESS NEGRO TALLA S,53102002,189
DENIM MAXI IMPERIAL SKIRT TALLA M,53102002,209
DENIM MINI OCEAN POCKET SKIRT MIDNIGHT BLUE TALLA M,53102002,159
DENIM MINI OCEAN POCKET SKIRT MIDNIGHT BLUE TALLA S,53102002,159
VESTIDO HEART ROJO TALLA M,53102002,179
DELIVERY TRADICIONAL PROVINCIAS,78102201,20
VESTIDO HALTER ROJO TALLA M,53102002,179
DELIVERY TRADICIONAL PROVINCIAS,78102201,20
Royalty Blazer Negro TALLA S,53101604,349
ROYALTY SHORTS NEGRO TALLA S,53101504,199
BOSSY BLOUSE NEGRO TALLA M,53101604,149
Milan Skirt Beige TALLA L,53102002,199
Milan Skirt Beige TALLA S,53102002,199
DENIM CATALANA DRESS NIGHT BLUE TALLA M,53102002,209
DENIM CATALANA CHOKER LIGHT BLUE,54101602,49
DENIM CATALANA DRESS NIGHT BLUE TALLA XS,53102002,209
VESTIDO HALTER ROJO TALLA M,53102002,179
DELIVERY TRADICIONAL PROVINCIAS,78102201,20
Denim Catalana choker night blue,54101602,49
DENIM MINI OCEAN POCKET SKIRT MIDNIGHT BLUE TALLA S,53102002,159
ROYALTY SHORTS PEARL WHITE TALLA M,53101504,199
ROYALTY SHORTS BEIGE TALLAS M,53101504,199
DELIVERY TRADICIONAL LIMA,78102201,15
ROYALTY SHORTS NEGRO TALLA M,53101504,199
DENIM MIDI FIYI SKIRT OCEAN BLUE TALLA XS,53102002,169
PANTALON THE HOLLAND TROUSER NEGRO TALLA S,53101504,259
ROYALTY SHORTS NEGRO TALLA M,53101504,199
ROYALTY SHORTS PEARL WHITE TALLA M,53101504,199
DENIM MAXI IMPERIAL SKIRT TALLA S,53102002,209
PANTALON MONACO LIMITED EDITION BEIGE TALLA M,53101504,249
DELIVERY TRADICIONAL LIMA,78102201,14
DENIM MAXI IMPERIAL SKIRT TALLA XS,53102002,209
DENIM MAXI IMPERIAL SKIRT TALLA M,53102002,209
Denim Catalana choker night blue,54101602,49
Donna bodysuit pearl white TALLA S,53101604,149
DENIM MAXI IMPERIAL SKIRT TALLA M,53102002,209
ROYALTY SHORTS PEARL WHITE TALLA S,53101504,199
DELIVERY TRADICIONAL PROVINCIAS,78102201,20
UNLIMITED TOP NEGRO TALLA S,53101604,189
UNLIMITED SKIRT NEGRO TALLAS S,53102002,189
Denim Catalana choker night blue,54101602,49
MIGHTY TOP MULTICOLOR YELLOW TALLA XS,53101604,139
DENIM CATALANA DRESS NIGHT BLUE TALLA M,53102002,209
ROYALTY SHORTS NEGRO TALLA S,53101504,199
PANTALON THE HOLLAND TROUSER FUCHSIA TALLS S,53101504,259
Royalty Blazer Negro TALLA S,53101604,349
CROPPED DENIM TOSCANA TRUCKER JACKET CLASSIC BLUE TALLA M,53102002,179
DENIM MAXI IMPERIAL SKIRT TALLA L,53102002,209
Milan Skirt Beige TALLA S,53102002,199
CROPPED DENIM TOSCANA TRUCKER JACKET CLASSIC BLUE TALLA XS,53102002,179
Donna bodysuit pearl white TALLA M,53101604,149
Milan Skirt Arena TALLA M,53102002,199
UNSTOPPABLE BABE BLOUSE PERLA TALLA L,53101604,139
ROYALTY SHORTS BEIGE TALLAS M,53101504,199
BRASIER INVISIBLE BEIGE TALLA C,20121445,55
UNSTOPPABLE BABE BLOUSE PERLA TALLA S,53101604,139
PANTALON MONACO LIMITED EDITION VERDE TALLA S,53101504,249
UNSTOPPABLE BABE BLOUSE PERLA TALLA S,53101604,139
PANTALON MONACO LIMITED EDITION VERDE TALLA S,53101504,249
Milan Skirt Beige TALLA M,53102002,199
Donna bodysuit beige TALLA M,53101604,149
PANTALON MONACO LIMITED EDITION VERDE TALLA S,53101504,249
UNSTOPPABLE BABE BLOUSE PERLA TALLA S,53101604,139
Donna bodysuit pearl white TALLA XS,53101604,149
Milan Skirt Arena TALLA XS,53102002,199
BRASIER INVISIBLE BEIGE TALLA C,20121445,55
DENIM CATALANA DRESS NIGHT BLUE TALLA M,53102002,209
DENIM MIDI FIYI SKIRT OCEAN BLUE TALLA S,53102002,169
DENIM MAXI IMPERIAL SKIRT TALLA S,53102002,209
DENIM MIDI FIYI SKIRT OCEAN BLUE TALLA M,53102002,169
DENIM MINI OCEAN POCKET SKIRT MIDNIGHT BLUE TALLA S,53102002,159
UNLIMITED SKIRT NEGRO TALLAS S,53102002,189
Bossy blouse Pearl white TALLA S,53101604,149
CROPPED DENIM TOSCANA TRUCKER JACKET CLASSIC BLUE TALLA S,53102002,179
FREE BABE TOP NEGRO TALLA XS,53101604,149
UNSTOPPABLE BABE BLOUSE PERLA TALLA S,53101604,139
DENIM CATALANA DRESS NIGHT BLUE TALLA S,53102002,209
Donna bodysuit beige TALLA XS,53101604,149
Milan Skirt Beige TALLA S,53102002,199
Royalty Blazer bubblegum pink TALLA S,53101604,349
DENIM NP ROMANCE CORCET TOP MIDNIIGHT BLUE TALLA M,53101604,139
DENIM MAXI IMPERIAL SKIRT TALLA M,53102002,209
SOUL DRESS FUCHSIA TALLA S,53102002,189
DENIM MIDI PARIS SKIRT LIGHT BLUE TALLA L,53102002,179
Bossy blouse Pearl white TALLA S,53101604,149
PREVENTA-DENIM MIDI CALIFORNIA SKIRT LIGHT BLUE TALLA S,53102002,219
DENIM MIDI FIYI SKIRT OCEAN BLUE TALLA M,53102002,169
DENIM CATALANA CHOKER LIGHT BLUE,54101602,49
Donna bodysuit beige TALLA S,53101604,149
Milan Skirt Beige TALLA M,53102002,199
Milan Skirt Arena TALLA M,53102002,199
Milan Skirt Arena TALLA S,53102002,199
DENIM MIDI FIYI SKIRT OCEAN BLUE TALLA L,53102002,169
DENIM CATALANA CHOKER LIGHT BLUE,54101602,49
Milan Skirt Arena TALLA S,53102002,199
DENIM NP ROMANCE CORCET TOP MIDNIIGHT BLUE TALLA L,53101604,139
DENIM MINI OCEAN POCKET SKIRT MIDNIGHT BLUE TALLA L,53102002,159
DENIM MAXI IMPERIAL SKIRT TALLA M,53102002,209
ROYALTY SHORTS BEIGE TALLAS M,53101504,199
ROYALTY SHORTS NEGRO TALLA M,53101504,199
Donna bodysuit beige TALLA S,53101604,149
Milan Skirt Beige TALLA S,53102002,199
CROPPED DENIM TOSCANA TRUCKER JACKET CLASSIC BLUE TALLA L,53102002,179
BRASIER INVISIBLE BEIGE TALLA A,20121445,55
DENIM CATALANA CHOKER LIGHT BLUE,54101602,49
NIPPLES STANDARD PIEL,20121445,35
DENIM CATALANA CHOKER LIGHT BLUE,54101602,49
BRASIER INVISIBLE NEGRO TALLA B,20121445,55
DENIM CATALANA CHOKER LIGHT BLUE,54101602,49
DENIM CATALANA DRESS NIGHT BLUE TALLA XS,53102002,209
DENIM MIDI PARIS SKIRT LIGHT BLUE TALLA S,53102002,179
PANTALON THE HOLLAND TROUSER BEIGE TALLA S,53101504,259
UNLIMITED TOP FUCHSIA TALLA M,53101504,189
UNLIMITED SKIRT NEGRO TALLAS S,53102002,189
PANTALON MONACO LIMITED EDITION VERDE TALLA S,53101504,249
Donna bodysuit beige TALLA M,53101604,149
Milan Skirt Negro TALLA S,53102002,199
DELIVERY TRADICIONAL LIMA,78102201,15
Donna bodysuit pearl white TALLA XS,53101604,149
Milan Skirt Arena TALLA S,53102002,199
DENIM CATALANA DRESS NIGHT BLUE TALLA XS,53102002,209
Royalty Blazer Negro TALLA L,53101604,349
DENIM MINI OCEAN POCKET SKIRT MIDNIGHT BLUE TALLA S,53102002,159
UNSTOPPABLE BABE BLOUSE PERLA TALLA S,53101604,139
GREECE BLOUSE MULTICOLOR FUCHSIA TALLA S,53101604,159
GREECE BLOUSE MULTICOLOR YELLOW TALLA S,53101604,159
DENIM MIDI FIYI SKIRT OCEAN BLUE TALLA S,53102002,169
ROYALTY SHORTS PEARL WHITE TALLA L,53101504,199
DENIM NP ROMANCE CORCET TOP MIDNIIGHT BLUE TALLA L,53101604,139
DENIM MAXI IMPERIAL SKIRT TALLA M,53102002,209
DELIVERY TRADICIONAL LIMA,78102201,14
Bossy blouse Pearl white TALLA XS,53101604,149
DENIM MIDI PARIS SKIRT LIGHT BLUE TALLA M,53102002,179
DELIVERY TRADICIONAL LIMA,78102201,14
DELIVERY TRADICIONAL PROVINCIAS,78102201,20
VESTIDO HALTER ROJO TALLA M,53102002,179
DENIM CATALANA DRESS NIGHT BLUE TALLA S,53102002,209
DENIM NP ROMANCE CORCET TOP MIDNIIGHT BLUE TALLA S,53101604,139
Milan Skirt Arena TALLA L,53102002,199
DENIM CATALANA DRESS NIGHT BLUE TALLA M,53102002,209
DENIM CATALANA DRESS NIGHT BLUE TALLA XS,53102002,209
DELIVERY TRADICIONAL LIMA,78102201,14
DENIM CATALANA CHOKER LIGHT BLUE,54101602,49
DELIVERY TRADICIONAL PROVINCIAS,78102201,25
DENIM MIDI FIYI SKIRT OCEAN BLUE TALLA S,53102002,169
DENIM CATALANA DRESS NIGHT BLUE TALLA S,53102002,209
DENIM MIDI PARIS SKIRT LIGHT BLUE TALLA M,53102002,179
BRASIER INVISIBLE NEGRO TALLA B,20121445,55
BRASIER INVISIBLE BEIGE TALLA B,20121445,55
CROPPED DENIM TOSCANA TRUCKER JACKET CLASSIC BLUE TALLA XS,53102002,179
DELIVERY TRADICIONAL PROVINCIAS,78102201,20
PREVENTA-DENIM MIDI CALIFORNIA SKIRT LIGHT BLUE TALLA M,53102002,219
DENIM MAXI IMPERIAL SKIRT TALLA S,53102002,209
Donna bodysuit beige TALLA L,53101604,149
Milan Skirt Beige TALLA S,53102002,199
Milan Skirt Negro TALLA S,53102002,199
Milan Skirt Negro TALLA M,53102002,199
SOUL DRESS NEGRO TALLA S,53102002,189
UNSTOPPABLE BABE BLOUSE PERLA TALLA S,53101604,139
Royalty Blazer bubblegum pink TALLA S,53101604,349
FREE BABE TOP NEGRO TALLA XS,53101604,149
Milan Skirt Arena TALLA S,53102002,199
FREE BABE TOP NEGRO TALLA XS,53101604,149
FREE BABE TOP NEGRO TALLA XS,53101604,149
Milan Skirt Arena TALLA S,53102002,199
Bossy blouse Pearl white TALLA M,53101604,149
Donna bodysuit pearl white TALLA M,53101604,149
DENIM MIDI ITALY POCKET SKIRT INDIGO TALLA M,53102002,199
SOUL DRESS NEGRO TALLA M,53102002,189
Milan Skirt Negro TALLA XS,53102002,199
Milan Skirt Beige TALLA M,53102002,199
Donna bodysuit beige TALLA S,53101604,149
CROPPED DENIM TOSCANA TRUCKER JACKET CLASSIC BLUE TALLA S,53102002,179
SOUL DRESS FUCHSIA TALLA S,53102002,189
GREECE BLOUSE MULTICOLOR FUCHSIA TALLA M,53101604,159
